symbol,side,timestamp,days_seen,days
HYDROGEL_PACK,buy,193400,2,"1,2"
HYDROGEL_PACK,buy,221200,2,"1,2"
HYDROGEL_PACK,buy,266300,2,"1,3"
HYDROGEL_PACK,buy,314800,2,"2,3"
HYDROGEL_PACK,buy,391700,2,"2,3"
HYDROGEL_PACK,buy,578300,2,"2,3"
HYDROGEL_PACK,buy,694500,2,"2,3"
HYDROGEL_PACK,buy,727700,2,"2,3"
HYDROGEL_PACK,buy,918200,2,"2,3"
HYDROGEL_PACK,sell,235900,2,"1,3"
HYDROGEL_PACK,sell,394800,2,"1,3"
HYDROGEL_PACK,sell,928000,2,"1,3"
VEV_4000,buy,752300,2,"2,3"
VEV_4000,sell,50200,2,"1,2"
HYDROGEL_PACK,buy,4400,1,3
HYDROGEL_PACK,buy,5100,1,1
HYDROGEL_PACK,buy,6200,1,1
HYDROGEL_PACK,buy,11200,1,2
HYDROGEL_PACK,buy,15000,1,1
HYDROGEL_PACK,buy,15700,1,2
HYDROGEL_PACK,buy,19100,1,2
HYDROGEL_PACK,buy,19200,1,3
HYDROGEL_PACK,buy,19500,1,3
HYDROGEL_PACK,buy,22300,1,3
HYDROGEL_PACK,buy,22500,1,3
HYDROGEL_PACK,buy,28400,1,3
HYDROGEL_PACK,buy,31400,1,1
HYDROGEL_PACK,buy,34200,1,3
HYDROGEL_PACK,buy,40900,1,1
HYDROGEL_PACK,buy,41100,1,2
HYDROGEL_PACK,buy,41300,1,1
HYDROGEL_PACK,buy,45100,1,2
HYDROGEL_PACK,buy,49800,1,2
HYDROGEL_PACK,buy,58300,1,2
HYDROGEL_PACK,buy,60700,1,2
HYDROGEL_PACK,buy,61100,1,1
HYDROGEL_PACK,buy,61300,1,3
HYDROGEL_PACK,buy,61400,1,1
HYDROGEL_PACK,buy,63200,1,1
HYDROGEL_PACK,buy,70900,1,2
HYDROGEL_PACK,buy,72700,1,2
HYDROGEL_PACK,buy,76600,1,1
HYDROGEL_PACK,buy,78500,1,1
HYDROGEL_PACK,buy,79800,1,1
HYDROGEL_PACK,buy,79900,1,3
HYDROGEL_PACK,buy,81700,1,1
HYDROGEL_PACK,buy,81900,1,1
HYDROGEL_PACK,buy,82300,1,1
HYDROGEL_PACK,buy,83500,1,3
HYDROGEL_PACK,buy,85500,1,2
HYDROGEL_PACK,buy,89800,1,3
HYDROGEL_PACK,buy,90100,1,2
HYDROGEL_PACK,buy,91700,1,2
HYDROGEL_PACK,buy,94400,1,1
HYDROGEL_PACK,buy,95200,1,3
HYDROGEL_PACK,buy,98600,1,1
HYDROGEL_PACK,buy,99000,1,1
HYDROGEL_PACK,buy,101800,1,2
HYDROGEL_PACK,buy,102400,1,2
HYDROGEL_PACK,buy,103100,1,1
HYDROGEL_PACK,buy,104500,1,2
HYDROGEL_PACK,buy,109600,1,2
HYDROGEL_PACK,buy,112400,1,3
HYDROGEL_PACK,buy,113900,1,1
HYDROGEL_PACK,buy,114500,1,2
HYDROGEL_PACK,buy,118500,1,3
HYDROGEL_PACK,buy,119400,1,1
HYDROGEL_PACK,buy,120700,1,1
HYDROGEL_PACK,buy,121500,1,3
HYDROGEL_PACK,buy,124900,1,2
HYDROGEL_PACK,buy,125300,1,3
HYDROGEL_PACK,buy,126000,1,1
HYDROGEL_PACK,buy,126800,1,2
HYDROGEL_PACK,buy,128200,1,3
HYDROGEL_PACK,buy,129400,1,2
HYDROGEL_PACK,buy,129500,1,1
HYDROGEL_PACK,buy,130700,1,3
HYDROGEL_PACK,buy,131500,1,3
HYDROGEL_PACK,buy,138100,1,1
HYDROGEL_PACK,buy,138200,1,3
HYDROGEL_PACK,buy,142700,1,3
HYDROGEL_PACK,buy,145100,1,2
HYDROGEL_PACK,buy,145600,1,1
HYDROGEL_PACK,buy,146500,1,1
HYDROGEL_PACK,buy,148000,1,1
HYDROGEL_PACK,buy,150600,1,2
HYDROGEL_PACK,buy,151400,1,3
HYDROGEL_PACK,buy,152300,1,3
HYDROGEL_PACK,buy,155900,1,1
HYDROGEL_PACK,buy,157000,1,2
HYDROGEL_PACK,buy,157500,1,3
HYDROGEL_PACK,buy,160100,1,3
HYDROGEL_PACK,buy,161100,1,2
HYDROGEL_PACK,buy,164300,1,1
HYDROGEL_PACK,buy,169000,1,2
HYDROGEL_PACK,buy,169200,1,2
HYDROGEL_PACK,buy,170100,1,2
HYDROGEL_PACK,buy,171400,1,1
HYDROGEL_PACK,buy,173800,1,3
HYDROGEL_PACK,buy,174100,1,3
HYDROGEL_PACK,buy,174200,1,1
HYDROGEL_PACK,buy,174400,1,1
HYDROGEL_PACK,buy,182100,1,3
HYDROGEL_PACK,buy,183400,1,3
HYDROGEL_PACK,buy,185800,1,1
HYDROGEL_PACK,buy,198800,1,3
HYDROGEL_PACK,buy,199400,1,1
HYDROGEL_PACK,buy,200100,1,3
HYDROGEL_PACK,buy,202700,1,1
HYDROGEL_PACK,buy,205400,1,3
HYDROGEL_PACK,buy,206200,1,2
HYDROGEL_PACK,buy,217100,1,3
HYDROGEL_PACK,buy,217500,1,1
HYDROGEL_PACK,buy,218500,1,1
HYDROGEL_PACK,buy,218900,1,1
HYDROGEL_PACK,buy,221900,1,3
HYDROGEL_PACK,buy,222300,1,3
HYDROGEL_PACK,buy,224300,1,2
HYDROGEL_PACK,buy,230000,1,1
HYDROGEL_PACK,buy,230800,1,1
HYDROGEL_PACK,buy,230900,1,3
HYDROGEL_PACK,buy,233000,1,2
HYDROGEL_PACK,buy,238200,1,1
HYDROGEL_PACK,buy,239700,1,1
HYDROGEL_PACK,buy,239800,1,2
HYDROGEL_PACK,buy,247000,1,3
HYDROGEL_PACK,buy,248200,1,1
HYDROGEL_PACK,buy,254300,1,2
HYDROGEL_PACK,buy,254700,1,1
HYDROGEL_PACK,buy,258900,1,2
HYDROGEL_PACK,buy,259200,1,3
HYDROGEL_PACK,buy,262100,1,3
HYDROGEL_PACK,buy,262300,1,1
HYDROGEL_PACK,buy,262800,1,1
HYDROGEL_PACK,buy,264200,1,2
HYDROGEL_PACK,buy,266600,1,1
HYDROGEL_PACK,buy,267900,1,2
HYDROGEL_PACK,buy,268800,1,3
HYDROGEL_PACK,buy,272900,1,2
HYDROGEL_PACK,buy,273400,1,2
HYDROGEL_PACK,buy,273500,1,2
HYDROGEL_PACK,buy,274600,1,1
HYDROGEL_PACK,buy,275700,1,1
HYDROGEL_PACK,buy,275800,1,2
HYDROGEL_PACK,buy,277000,1,2
HYDROGEL_PACK,buy,277300,1,2
HYDROGEL_PACK,buy,280500,1,1
HYDROGEL_PACK,buy,281900,1,3
HYDROGEL_PACK,buy,282200,1,1
HYDROGEL_PACK,buy,283700,1,2
HYDROGEL_PACK,buy,284300,1,2
HYDROGEL_PACK,buy,288000,1,2
HYDROGEL_PACK,buy,290900,1,1
HYDROGEL_PACK,buy,292800,1,2
HYDROGEL_PACK,buy,295000,1,1
HYDROGEL_PACK,buy,296200,1,3
HYDROGEL_PACK,buy,297100,1,1
HYDROGEL_PACK,buy,299100,1,2
HYDROGEL_PACK,buy,301100,1,1
HYDROGEL_PACK,buy,301300,1,1
HYDROGEL_PACK,buy,305700,1,2
HYDROGEL_PACK,buy,306100,1,2
HYDROGEL_PACK,buy,306500,1,1
HYDROGEL_PACK,buy,310100,1,2
HYDROGEL_PACK,buy,310600,1,3
HYDROGEL_PACK,buy,311800,1,2
HYDROGEL_PACK,buy,315400,1,2
HYDROGEL_PACK,buy,316200,1,1
HYDROGEL_PACK,buy,316900,1,2
HYDROGEL_PACK,buy,318300,1,1
HYDROGEL_PACK,buy,321900,1,3
HYDROGEL_PACK,buy,323300,1,1
HYDROGEL_PACK,buy,324600,1,1
HYDROGEL_PACK,buy,327700,1,1
HYDROGEL_PACK,buy,328900,1,2
HYDROGEL_PACK,buy,329600,1,3
HYDROGEL_PACK,buy,334800,1,3
HYDROGEL_PACK,buy,335500,1,1
HYDROGEL_PACK,buy,342300,1,2
HYDROGEL_PACK,buy,343100,1,1
HYDROGEL_PACK,buy,344600,1,2
HYDROGEL_PACK,buy,344800,1,3
HYDROGEL_PACK,buy,345700,1,1
HYDROGEL_PACK,buy,345900,1,1
HYDROGEL_PACK,buy,346100,1,2
HYDROGEL_PACK,buy,347100,1,3
HYDROGEL_PACK,buy,347400,1,2
HYDROGEL_PACK,buy,349700,1,3
HYDROGEL_PACK,buy,351000,1,1
HYDROGEL_PACK,buy,357100,1,1
HYDROGEL_PACK,buy,358100,1,3
HYDROGEL_PACK,buy,358500,1,1
HYDROGEL_PACK,buy,361700,1,3
HYDROGEL_PACK,buy,363100,1,1
HYDROGEL_PACK,buy,363700,1,3
HYDROGEL_PACK,buy,364800,1,1
HYDROGEL_PACK,buy,366200,1,3
HYDROGEL_PACK,buy,366500,1,2
HYDROGEL_PACK,buy,366700,1,3
HYDROGEL_PACK,buy,368500,1,1
HYDROGEL_PACK,buy,373400,1,1
HYDROGEL_PACK,buy,380100,1,1
HYDROGEL_PACK,buy,380200,1,3
HYDROGEL_PACK,buy,380700,1,1
HYDROGEL_PACK,buy,383300,1,1
HYDROGEL_PACK,buy,383600,1,1
HYDROGEL_PACK,buy,385800,1,1
HYDROGEL_PACK,buy,387500,1,2
HYDROGEL_PACK,buy,392400,1,2
HYDROGEL_PACK,buy,394100,1,2
HYDROGEL_PACK,buy,394300,1,2
HYDROGEL_PACK,buy,395500,1,3
HYDROGEL_PACK,buy,396300,1,1
HYDROGEL_PACK,buy,396500,1,3
HYDROGEL_PACK,buy,397000,1,3
HYDROGEL_PACK,buy,397100,1,3
HYDROGEL_PACK,buy,397800,1,1
HYDROGEL_PACK,buy,400200,1,3
HYDROGEL_PACK,buy,406800,1,3
HYDROGEL_PACK,buy,408000,1,2
HYDROGEL_PACK,buy,409400,1,2
HYDROGEL_PACK,buy,410100,1,2
HYDROGEL_PACK,buy,411000,1,1
HYDROGEL_PACK,buy,411400,1,1
HYDROGEL_PACK,buy,412300,1,1
HYDROGEL_PACK,buy,413100,1,2
HYDROGEL_PACK,buy,413500,1,2
HYDROGEL_PACK,buy,414000,1,1
HYDROGEL_PACK,buy,415400,1,2
HYDROGEL_PACK,buy,416600,1,2
HYDROGEL_PACK,buy,417100,1,3
HYDROGEL_PACK,buy,420200,1,2
HYDROGEL_PACK,buy,423800,1,2
HYDROGEL_PACK,buy,424000,1,3
HYDROGEL_PACK,buy,429500,1,2
HYDROGEL_PACK,buy,430200,1,2
HYDROGEL_PACK,buy,430700,1,2
HYDROGEL_PACK,buy,433900,1,2
HYDROGEL_PACK,buy,434400,1,3
HYDROGEL_PACK,buy,436000,1,3
HYDROGEL_PACK,buy,436200,1,1
HYDROGEL_PACK,buy,438800,1,3
HYDROGEL_PACK,buy,439100,1,3
HYDROGEL_PACK,buy,440300,1,1
HYDROGEL_PACK,buy,442900,1,3
HYDROGEL_PACK,buy,443400,1,2
HYDROGEL_PACK,buy,445300,1,2
HYDROGEL_PACK,buy,446100,1,3
HYDROGEL_PACK,buy,450900,1,2
HYDROGEL_PACK,buy,451300,1,3
HYDROGEL_PACK,buy,452800,1,2
HYDROGEL_PACK,buy,454900,1,3
HYDROGEL_PACK,buy,461400,1,3
HYDROGEL_PACK,buy,462500,1,1
HYDROGEL_PACK,buy,465600,1,3
HYDROGEL_PACK,buy,473400,1,3
HYDROGEL_PACK,buy,476200,1,1
HYDROGEL_PACK,buy,478900,1,2
HYDROGEL_PACK,buy,479100,1,1
HYDROGEL_PACK,buy,480200,1,3
HYDROGEL_PACK,buy,482400,1,2
HYDROGEL_PACK,buy,486800,1,3
HYDROGEL_PACK,buy,490700,1,3
HYDROGEL_PACK,buy,493800,1,2
HYDROGEL_PACK,buy,494500,1,1
HYDROGEL_PACK,buy,495400,1,3
HYDROGEL_PACK,buy,504500,1,3
HYDROGEL_PACK,buy,507200,1,1
HYDROGEL_PACK,buy,513200,1,1
HYDROGEL_PACK,buy,516400,1,3
HYDROGEL_PACK,buy,517800,1,3
HYDROGEL_PACK,buy,519400,1,1
HYDROGEL_PACK,buy,519800,1,2
HYDROGEL_PACK,buy,520400,1,1
HYDROGEL_PACK,buy,526600,1,1
HYDROGEL_PACK,buy,527400,1,3
HYDROGEL_PACK,buy,527700,1,1
HYDROGEL_PACK,buy,531800,1,3
HYDROGEL_PACK,buy,533100,1,1
HYDROGEL_PACK,buy,533400,1,1
HYDROGEL_PACK,buy,533800,1,3
HYDROGEL_PACK,buy,534800,1,1
HYDROGEL_PACK,buy,534900,1,2
HYDROGEL_PACK,buy,538000,1,1
HYDROGEL_PACK,buy,538900,1,1
HYDROGEL_PACK,buy,540300,1,3
HYDROGEL_PACK,buy,540500,1,2
HYDROGEL_PACK,buy,540600,1,2
HYDROGEL_PACK,buy,542600,1,1
HYDROGEL_PACK,buy,543800,1,2
HYDROGEL_PACK,buy,544400,1,2
HYDROGEL_PACK,buy,553300,1,1
HYDROGEL_PACK,buy,553400,1,2
HYDROGEL_PACK,buy,555500,1,3
HYDROGEL_PACK,buy,556000,1,2
HYDROGEL_PACK,buy,556100,1,2
HYDROGEL_PACK,buy,561000,1,2
HYDROGEL_PACK,buy,565700,1,3
HYDROGEL_PACK,buy,573800,1,2
HYDROGEL_PACK,buy,574200,1,2
HYDROGEL_PACK,buy,576700,1,2
HYDROGEL_PACK,buy,578600,1,1
HYDROGEL_PACK,buy,581600,1,2
HYDROGEL_PACK,buy,587700,1,2
HYDROGEL_PACK,buy,588400,1,2
HYDROGEL_PACK,buy,588800,1,2
HYDROGEL_PACK,buy,590000,1,3
HYDROGEL_PACK,buy,591200,1,3
HYDROGEL_PACK,buy,592200,1,2
HYDROGEL_PACK,buy,596300,1,1
HYDROGEL_PACK,buy,596600,1,2
HYDROGEL_PACK,buy,597500,1,2
HYDROGEL_PACK,buy,600400,1,1
HYDROGEL_PACK,buy,604400,1,2
HYDROGEL_PACK,buy,607900,1,3
HYDROGEL_PACK,buy,610300,1,3
HYDROGEL_PACK,buy,615400,1,3
HYDROGEL_PACK,buy,620100,1,3
HYDROGEL_PACK,buy,621500,1,3
HYDROGEL_PACK,buy,624000,1,3
HYDROGEL_PACK,buy,630400,1,1
HYDROGEL_PACK,buy,633100,1,2
HYDROGEL_PACK,buy,633800,1,3
HYDROGEL_PACK,buy,634300,1,2
HYDROGEL_PACK,buy,635700,1,1
HYDROGEL_PACK,buy,640700,1,1
HYDROGEL_PACK,buy,642300,1,3
HYDROGEL_PACK,buy,644900,1,3
HYDROGEL_PACK,buy,647000,1,1
HYDROGEL_PACK,buy,647400,1,3
HYDROGEL_PACK,buy,648400,1,1
HYDROGEL_PACK,buy,649200,1,3
HYDROGEL_PACK,buy,651100,1,3
HYDROGEL_PACK,buy,653000,1,3
HYDROGEL_PACK,buy,658900,1,3
HYDROGEL_PACK,buy,659500,1,2
HYDROGEL_PACK,buy,660300,1,3
HYDROGEL_PACK,buy,661300,1,1
HYDROGEL_PACK,buy,662300,1,3
HYDROGEL_PACK,buy,664700,1,3
HYDROGEL_PACK,buy,666100,1,1
HYDROGEL_PACK,buy,668700,1,3
HYDROGEL_PACK,buy,669200,1,1
HYDROGEL_PACK,buy,670700,1,3
HYDROGEL_PACK,buy,674000,1,2
HYDROGEL_PACK,buy,674400,1,2
HYDROGEL_PACK,buy,675300,1,2
HYDROGEL_PACK,buy,675600,1,2
HYDROGEL_PACK,buy,678700,1,2
HYDROGEL_PACK,buy,680400,1,3
HYDROGEL_PACK,buy,680500,1,3
HYDROGEL_PACK,buy,681000,1,2
HYDROGEL_PACK,buy,681500,1,1
HYDROGEL_PACK,buy,686400,1,3
HYDROGEL_PACK,buy,686700,1,2
HYDROGEL_PACK,buy,690500,1,1
HYDROGEL_PACK,buy,695900,1,1
HYDROGEL_PACK,buy,696000,1,2
HYDROGEL_PACK,buy,697000,1,2
HYDROGEL_PACK,buy,697400,1,2
HYDROGEL_PACK,buy,698300,1,1
HYDROGEL_PACK,buy,700400,1,1
HYDROGEL_PACK,buy,701200,1,1
HYDROGEL_PACK,buy,701500,1,1
HYDROGEL_PACK,buy,705900,1,2
HYDROGEL_PACK,buy,707100,1,1
HYDROGEL_PACK,buy,713700,1,3
HYDROGEL_PACK,buy,714200,1,3
HYDROGEL_PACK,buy,716700,1,1
HYDROGEL_PACK,buy,720500,1,3
HYDROGEL_PACK,buy,726700,1,1
HYDROGEL_PACK,buy,727900,1,1
HYDROGEL_PACK,buy,728400,1,3
HYDROGEL_PACK,buy,729700,1,1
HYDROGEL_PACK,buy,730900,1,3
HYDROGEL_PACK,buy,731000,1,1
HYDROGEL_PACK,buy,734200,1,2
HYDROGEL_PACK,buy,735900,1,3
HYDROGEL_PACK,buy,737300,1,2
HYDROGEL_PACK,buy,741200,1,1
HYDROGEL_PACK,buy,742000,1,3
HYDROGEL_PACK,buy,742700,1,1
HYDROGEL_PACK,buy,749400,1,2
HYDROGEL_PACK,buy,750200,1,2
HYDROGEL_PACK,buy,752100,1,2
HYDROGEL_PACK,buy,752700,1,3
HYDROGEL_PACK,buy,753400,1,2
HYDROGEL_PACK,buy,759100,1,1
HYDROGEL_PACK,buy,759800,1,3
HYDROGEL_PACK,buy,760900,1,1
HYDROGEL_PACK,buy,767100,1,1
HYDROGEL_PACK,buy,767700,1,2
HYDROGEL_PACK,buy,768800,1,1
HYDROGEL_PACK,buy,770100,1,3
HYDROGEL_PACK,buy,771300,1,2
HYDROGEL_PACK,buy,772000,1,1
HYDROGEL_PACK,buy,776900,1,3
HYDROGEL_PACK,buy,780000,1,2
HYDROGEL_PACK,buy,782100,1,1
HYDROGEL_PACK,buy,782500,1,1
HYDROGEL_PACK,buy,782700,1,1
HYDROGEL_PACK,buy,784400,1,1
HYDROGEL_PACK,buy,785000,1,3
HYDROGEL_PACK,buy,790700,1,1
HYDROGEL_PACK,buy,791800,1,3
HYDROGEL_PACK,buy,792200,1,1
HYDROGEL_PACK,buy,797600,1,3
HYDROGEL_PACK,buy,799500,1,1
HYDROGEL_PACK,buy,800600,1,1
HYDROGEL_PACK,buy,801700,1,3
HYDROGEL_PACK,buy,802100,1,3
HYDROGEL_PACK,buy,802700,1,2
HYDROGEL_PACK,buy,803000,1,1
HYDROGEL_PACK,buy,804500,1,2
HYDROGEL_PACK,buy,809700,1,1
HYDROGEL_PACK,buy,810600,1,1
HYDROGEL_PACK,buy,815000,1,1
HYDROGEL_PACK,buy,816300,1,3
HYDROGEL_PACK,buy,816700,1,3
HYDROGEL_PACK,buy,818600,1,2
HYDROGEL_PACK,buy,820600,1,1
HYDROGEL_PACK,buy,837000,1,1
HYDROGEL_PACK,buy,843300,1,2
HYDROGEL_PACK,buy,844200,1,1
HYDROGEL_PACK,buy,844800,1,1
HYDROGEL_PACK,buy,848400,1,1
HYDROGEL_PACK,buy,853900,1,1
HYDROGEL_PACK,buy,854900,1,1
HYDROGEL_PACK,buy,855100,1,2
HYDROGEL_PACK,buy,858600,1,3
HYDROGEL_PACK,buy,860100,1,1
HYDROGEL_PACK,buy,861200,1,2
HYDROGEL_PACK,buy,866200,1,2
HYDROGEL_PACK,buy,866300,1,1
HYDROGEL_PACK,buy,866800,1,2
HYDROGEL_PACK,buy,866900,1,2
HYDROGEL_PACK,buy,870000,1,1
HYDROGEL_PACK,buy,870100,1,2
HYDROGEL_PACK,buy,870400,1,2
HYDROGEL_PACK,buy,872200,1,3
HYDROGEL_PACK,buy,875200,1,3
HYDROGEL_PACK,buy,876000,1,1
HYDROGEL_PACK,buy,876400,1,1
HYDROGEL_PACK,buy,879700,1,3
HYDROGEL_PACK,buy,880800,1,2
HYDROGEL_PACK,buy,886300,1,3
HYDROGEL_PACK,buy,887200,1,1
HYDROGEL_PACK,buy,890200,1,2
HYDROGEL_PACK,buy,891200,1,3
HYDROGEL_PACK,buy,891600,1,3
HYDROGEL_PACK,buy,892000,1,1
HYDROGEL_PACK,buy,894900,1,2
HYDROGEL_PACK,buy,896900,1,3
HYDROGEL_PACK,buy,899200,1,1
HYDROGEL_PACK,buy,901800,1,1
HYDROGEL_PACK,buy,902500,1,2
HYDROGEL_PACK,buy,904700,1,3
HYDROGEL_PACK,buy,907300,1,3
HYDROGEL_PACK,buy,908700,1,1
HYDROGEL_PACK,buy,909300,1,1
HYDROGEL_PACK,buy,910900,1,3
HYDROGEL_PACK,buy,911700,1,3
HYDROGEL_PACK,buy,914400,1,1
HYDROGEL_PACK,buy,914800,1,1
HYDROGEL_PACK,buy,917900,1,1
HYDROGEL_PACK,buy,921800,1,2
HYDROGEL_PACK,buy,922400,1,3
HYDROGEL_PACK,buy,923800,1,2
HYDROGEL_PACK,buy,925900,1,1
HYDROGEL_PACK,buy,927000,1,3
HYDROGEL_PACK,buy,928500,1,1
HYDROGEL_PACK,buy,929300,1,1
HYDROGEL_PACK,buy,929500,1,1
HYDROGEL_PACK,buy,930800,1,1
HYDROGEL_PACK,buy,931000,1,3
HYDROGEL_PACK,buy,933300,1,3
HYDROGEL_PACK,buy,935300,1,3
HYDROGEL_PACK,buy,936400,1,1
HYDROGEL_PACK,buy,938900,1,1
HYDROGEL_PACK,buy,940100,1,2
HYDROGEL_PACK,buy,946400,1,1
HYDROGEL_PACK,buy,948400,1,2
HYDROGEL_PACK,buy,950000,1,1
HYDROGEL_PACK,buy,950100,1,3
HYDROGEL_PACK,buy,950700,1,1
HYDROGEL_PACK,buy,953700,1,1
HYDROGEL_PACK,buy,953800,1,1
HYDROGEL_PACK,buy,960300,1,3
HYDROGEL_PACK,buy,960800,1,1
HYDROGEL_PACK,buy,963600,1,3
HYDROGEL_PACK,buy,963900,1,1
HYDROGEL_PACK,buy,966900,1,1
HYDROGEL_PACK,buy,967500,1,2
HYDROGEL_PACK,buy,968600,1,2
HYDROGEL_PACK,buy,970300,1,2
HYDROGEL_PACK,buy,971900,1,1
HYDROGEL_PACK,buy,975300,1,3
HYDROGEL_PACK,buy,976800,1,2
HYDROGEL_PACK,buy,978600,1,2
HYDROGEL_PACK,buy,978700,1,2
HYDROGEL_PACK,buy,980900,1,3
HYDROGEL_PACK,buy,982000,1,2
HYDROGEL_PACK,buy,983700,1,2
HYDROGEL_PACK,buy,984200,1,2
HYDROGEL_PACK,buy,985400,1,1
HYDROGEL_PACK,buy,985800,1,1
HYDROGEL_PACK,buy,986200,1,3
HYDROGEL_PACK,buy,989800,1,3
HYDROGEL_PACK,buy,992200,1,2
HYDROGEL_PACK,buy,992400,1,3
HYDROGEL_PACK,buy,993200,1,2
HYDROGEL_PACK,sell,4500,1,3
HYDROGEL_PACK,sell,8100,1,3
HYDROGEL_PACK,sell,10200,1,2
HYDROGEL_PACK,sell,18700,1,3
HYDROGEL_PACK,sell,22800,1,1
HYDROGEL_PACK,sell,23900,1,3
HYDROGEL_PACK,sell,24500,1,3
HYDROGEL_PACK,sell,25600,1,3
HYDROGEL_PACK,sell,29200,1,2
HYDROGEL_PACK,sell,30800,1,1
HYDROGEL_PACK,sell,31300,1,3
HYDROGEL_PACK,sell,32000,1,1
HYDROGEL_PACK,sell,33600,1,1
HYDROGEL_PACK,sell,33900,1,3
HYDROGEL_PACK,sell,35100,1,3
HYDROGEL_PACK,sell,35500,1,3
HYDROGEL_PACK,sell,37100,1,3
HYDROGEL_PACK,sell,37400,1,1
HYDROGEL_PACK,sell,38400,1,3
HYDROGEL_PACK,sell,38600,1,3
HYDROGEL_PACK,sell,43900,1,1
HYDROGEL_PACK,sell,44000,1,2
HYDROGEL_PACK,sell,45200,1,1
HYDROGEL_PACK,sell,48300,1,1
HYDROGEL_PACK,sell,49400,1,2
HYDROGEL_PACK,sell,50700,1,3
HYDROGEL_PACK,sell,52300,1,3
HYDROGEL_PACK,sell,52400,1,1
HYDROGEL_PACK,sell,53000,1,1
HYDROGEL_PACK,sell,56200,1,3
HYDROGEL_PACK,sell,59300,1,1
HYDROGEL_PACK,sell,64300,1,1
HYDROGEL_PACK,sell,64800,1,3
HYDROGEL_PACK,sell,65400,1,1
HYDROGEL_PACK,sell,65900,1,1
HYDROGEL_PACK,sell,69000,1,3
HYDROGEL_PACK,sell,69500,1,1
HYDROGEL_PACK,sell,71800,1,2
HYDROGEL_PACK,sell,73500,1,1
HYDROGEL_PACK,sell,78700,1,2
HYDROGEL_PACK,sell,79000,1,1
HYDROGEL_PACK,sell,81300,1,1
HYDROGEL_PACK,sell,84900,1,3
HYDROGEL_PACK,sell,87100,1,3
HYDROGEL_PACK,sell,92100,1,1
HYDROGEL_PACK,sell,92500,1,1
HYDROGEL_PACK,sell,97100,1,1
HYDROGEL_PACK,sell,97600,1,2
HYDROGEL_PACK,sell,100500,1,3
HYDROGEL_PACK,sell,101400,1,1
HYDROGEL_PACK,sell,101500,1,1
HYDROGEL_PACK,sell,103500,1,1
HYDROGEL_PACK,sell,107100,1,1
HYDROGEL_PACK,sell,108400,1,3
HYDROGEL_PACK,sell,109100,1,1
HYDROGEL_PACK,sell,109500,1,3
HYDROGEL_PACK,sell,110200,1,3
HYDROGEL_PACK,sell,112700,1,1
HYDROGEL_PACK,sell,115500,1,1
HYDROGEL_PACK,sell,119000,1,3
HYDROGEL_PACK,sell,119900,1,3
HYDROGEL_PACK,sell,122600,1,3
HYDROGEL_PACK,sell,123700,1,3
HYDROGEL_PACK,sell,126600,1,3
HYDROGEL_PACK,sell,129800,1,1
HYDROGEL_PACK,sell,130000,1,3
HYDROGEL_PACK,sell,130800,1,1
HYDROGEL_PACK,sell,133700,1,1
HYDROGEL_PACK,sell,134500,1,1
HYDROGEL_PACK,sell,136100,1,3
HYDROGEL_PACK,sell,137000,1,2
HYDROGEL_PACK,sell,137800,1,1
HYDROGEL_PACK,sell,143800,1,2
HYDROGEL_PACK,sell,145400,1,2
HYDROGEL_PACK,sell,148500,1,3
HYDROGEL_PACK,sell,149900,1,2
HYDROGEL_PACK,sell,150300,1,3
HYDROGEL_PACK,sell,150700,1,3
HYDROGEL_PACK,sell,151100,1,1
HYDROGEL_PACK,sell,151200,1,1
HYDROGEL_PACK,sell,151400,1,2
HYDROGEL_PACK,sell,151600,1,2
HYDROGEL_PACK,sell,152700,1,1
HYDROGEL_PACK,sell,153200,1,2
HYDROGEL_PACK,sell,153700,1,3
HYDROGEL_PACK,sell,156400,1,1
HYDROGEL_PACK,sell,159900,1,1
HYDROGEL_PACK,sell,161200,1,1
HYDROGEL_PACK,sell,164600,1,2
HYDROGEL_PACK,sell,167300,1,1
HYDROGEL_PACK,sell,177100,1,2
HYDROGEL_PACK,sell,177200,1,3
HYDROGEL_PACK,sell,178000,1,1
HYDROGEL_PACK,sell,178100,1,2
HYDROGEL_PACK,sell,180800,1,3
HYDROGEL_PACK,sell,181600,1,2
HYDROGEL_PACK,sell,182100,1,1
HYDROGEL_PACK,sell,182500,1,3
HYDROGEL_PACK,sell,182800,1,1
HYDROGEL_PACK,sell,188400,1,1
HYDROGEL_PACK,sell,189100,1,3
HYDROGEL_PACK,sell,192800,1,1
HYDROGEL_PACK,sell,194700,1,3
HYDROGEL_PACK,sell,195600,1,2
HYDROGEL_PACK,sell,202200,1,3
HYDROGEL_PACK,sell,203200,1,1
HYDROGEL_PACK,sell,203300,1,3
HYDROGEL_PACK,sell,203500,1,3
HYDROGEL_PACK,sell,204800,1,3
HYDROGEL_PACK,sell,205100,1,3
HYDROGEL_PACK,sell,206300,1,3
HYDROGEL_PACK,sell,206600,1,2
HYDROGEL_PACK,sell,206700,1,2
HYDROGEL_PACK,sell,209200,1,3
HYDROGEL_PACK,sell,210600,1,1
HYDROGEL_PACK,sell,211100,1,1
HYDROGEL_PACK,sell,213400,1,3
HYDROGEL_PACK,sell,219200,1,2
HYDROGEL_PACK,sell,220600,1,3
HYDROGEL_PACK,sell,226100,1,1
HYDROGEL_PACK,sell,230300,1,3
HYDROGEL_PACK,sell,231300,1,3
HYDROGEL_PACK,sell,235700,1,2
HYDROGEL_PACK,sell,236300,1,3
HYDROGEL_PACK,sell,238900,1,2
HYDROGEL_PACK,sell,239300,1,2
HYDROGEL_PACK,sell,239400,1,2
HYDROGEL_PACK,sell,239600,1,1
HYDROGEL_PACK,sell,240100,1,3
HYDROGEL_PACK,sell,240600,1,1
HYDROGEL_PACK,sell,241900,1,1
HYDROGEL_PACK,sell,243800,1,2
HYDROGEL_PACK,sell,252500,1,1
HYDROGEL_PACK,sell,254800,1,3
HYDROGEL_PACK,sell,254900,1,3
HYDROGEL_PACK,sell,255000,1,1
HYDROGEL_PACK,sell,255300,1,1
HYDROGEL_PACK,sell,255400,1,1
HYDROGEL_PACK,sell,256200,1,2
HYDROGEL_PACK,sell,256400,1,3
HYDROGEL_PACK,sell,258200,1,3
HYDROGEL_PACK,sell,259900,1,3
HYDROGEL_PACK,sell,261600,1,3
HYDROGEL_PACK,sell,264700,1,2
HYDROGEL_PACK,sell,265200,1,2
HYDROGEL_PACK,sell,265900,1,3
HYDROGEL_PACK,sell,269300,1,1
HYDROGEL_PACK,sell,270900,1,3
HYDROGEL_PACK,sell,274400,1,2
HYDROGEL_PACK,sell,276600,1,3
HYDROGEL_PACK,sell,277800,1,3
HYDROGEL_PACK,sell,278800,1,2
HYDROGEL_PACK,sell,279900,1,2
HYDROGEL_PACK,sell,281100,1,1
HYDROGEL_PACK,sell,282200,1,2
HYDROGEL_PACK,sell,285400,1,1
HYDROGEL_PACK,sell,291000,1,2
HYDROGEL_PACK,sell,292800,1,1
HYDROGEL_PACK,sell,300800,1,2
HYDROGEL_PACK,sell,302400,1,1
HYDROGEL_PACK,sell,303800,1,2
HYDROGEL_PACK,sell,304200,1,1
HYDROGEL_PACK,sell,306100,1,3
HYDROGEL_PACK,sell,308000,1,1
HYDROGEL_PACK,sell,308100,1,1
HYDROGEL_PACK,sell,312000,1,3
HYDROGEL_PACK,sell,312800,1,3
HYDROGEL_PACK,sell,317100,1,1
HYDROGEL_PACK,sell,319800,1,3
HYDROGEL_PACK,sell,323600,1,3
HYDROGEL_PACK,sell,327600,1,1
HYDROGEL_PACK,sell,330700,1,3
HYDROGEL_PACK,sell,332700,1,3
HYDROGEL_PACK,sell,332800,1,2
HYDROGEL_PACK,sell,335300,1,1
HYDROGEL_PACK,sell,338100,1,1
HYDROGEL_PACK,sell,338400,1,2
HYDROGEL_PACK,sell,339000,1,3
HYDROGEL_PACK,sell,339500,1,1
HYDROGEL_PACK,sell,340200,1,2
HYDROGEL_PACK,sell,342400,1,1
HYDROGEL_PACK,sell,344000,1,1
HYDROGEL_PACK,sell,344100,1,2
HYDROGEL_PACK,sell,344500,1,2
HYDROGEL_PACK,sell,346200,1,3
HYDROGEL_PACK,sell,348500,1,1
HYDROGEL_PACK,sell,351400,1,2
HYDROGEL_PACK,sell,359500,1,2
HYDROGEL_PACK,sell,360100,1,3
HYDROGEL_PACK,sell,360600,1,1
HYDROGEL_PACK,sell,362700,1,1
HYDROGEL_PACK,sell,365300,1,2
HYDROGEL_PACK,sell,368400,1,3
HYDROGEL_PACK,sell,368900,1,3
HYDROGEL_PACK,sell,370200,1,3
HYDROGEL_PACK,sell,370900,1,3
HYDROGEL_PACK,sell,371400,1,1
HYDROGEL_PACK,sell,373700,1,1
HYDROGEL_PACK,sell,375100,1,1
HYDROGEL_PACK,sell,377800,1,3
HYDROGEL_PACK,sell,381000,1,3
HYDROGEL_PACK,sell,384800,1,2
HYDROGEL_PACK,sell,385500,1,2
HYDROGEL_PACK,sell,386400,1,3
HYDROGEL_PACK,sell,389200,1,3
HYDROGEL_PACK,sell,390200,1,3
HYDROGEL_PACK,sell,390600,1,3
HYDROGEL_PACK,sell,391200,1,3
HYDROGEL_PACK,sell,391600,1,2
HYDROGEL_PACK,sell,391900,1,3
HYDROGEL_PACK,sell,398500,1,3
HYDROGEL_PACK,sell,401200,1,2
HYDROGEL_PACK,sell,403600,1,1
HYDROGEL_PACK,sell,404300,1,3
HYDROGEL_PACK,sell,409100,1,3
HYDROGEL_PACK,sell,409300,1,1
HYDROGEL_PACK,sell,414400,1,1
HYDROGEL_PACK,sell,414800,1,1
HYDROGEL_PACK,sell,419200,1,3
HYDROGEL_PACK,sell,421100,1,2
HYDROGEL_PACK,sell,421500,1,1
HYDROGEL_PACK,sell,422200,1,2
HYDROGEL_PACK,sell,427000,1,1
HYDROGEL_PACK,sell,436200,1,2
HYDROGEL_PACK,sell,441300,1,1
HYDROGEL_PACK,sell,443600,1,1
HYDROGEL_PACK,sell,449000,1,2
HYDROGEL_PACK,sell,450000,1,1
HYDROGEL_PACK,sell,451000,1,3
HYDROGEL_PACK,sell,451600,1,3
HYDROGEL_PACK,sell,452000,1,2
HYDROGEL_PACK,sell,453000,1,3
HYDROGEL_PACK,sell,457700,1,1
HYDROGEL_PACK,sell,459700,1,3
HYDROGEL_PACK,sell,465000,1,3
HYDROGEL_PACK,sell,466400,1,3
HYDROGEL_PACK,sell,466900,1,3
HYDROGEL_PACK,sell,474600,1,3
HYDROGEL_PACK,sell,476800,1,3
HYDROGEL_PACK,sell,476900,1,3
HYDROGEL_PACK,sell,477600,1,1
HYDROGEL_PACK,sell,480900,1,2
HYDROGEL_PACK,sell,481200,1,3
HYDROGEL_PACK,sell,481400,1,2
HYDROGEL_PACK,sell,485300,1,1
HYDROGEL_PACK,sell,488200,1,2
HYDROGEL_PACK,sell,488700,1,2
HYDROGEL_PACK,sell,489600,1,1
HYDROGEL_PACK,sell,495300,1,1
HYDROGEL_PACK,sell,495700,1,2
HYDROGEL_PACK,sell,497600,1,3
HYDROGEL_PACK,sell,498100,1,3
HYDROGEL_PACK,sell,498500,1,2
HYDROGEL_PACK,sell,499800,1,3
HYDROGEL_PACK,sell,499900,1,1
HYDROGEL_PACK,sell,500600,1,2
HYDROGEL_PACK,sell,500800,1,1
HYDROGEL_PACK,sell,501400,1,1
HYDROGEL_PACK,sell,501600,1,2
HYDROGEL_PACK,sell,502000,1,1
HYDROGEL_PACK,sell,503300,1,3
HYDROGEL_PACK,sell,503500,1,1
HYDROGEL_PACK,sell,503600,1,2
HYDROGEL_PACK,sell,505300,1,3
HYDROGEL_PACK,sell,507800,1,1
HYDROGEL_PACK,sell,509900,1,1
HYDROGEL_PACK,sell,510100,1,1
HYDROGEL_PACK,sell,511000,1,2
HYDROGEL_PACK,sell,511400,1,3
HYDROGEL_PACK,sell,512800,1,2
HYDROGEL_PACK,sell,515200,1,1
HYDROGEL_PACK,sell,516500,1,2
HYDROGEL_PACK,sell,519000,1,1
HYDROGEL_PACK,sell,519500,1,3
HYDROGEL_PACK,sell,519700,1,3
HYDROGEL_PACK,sell,524600,1,2
HYDROGEL_PACK,sell,526300,1,2
HYDROGEL_PACK,sell,530300,1,1
HYDROGEL_PACK,sell,530600,1,1
HYDROGEL_PACK,sell,530900,1,2
HYDROGEL_PACK,sell,534700,1,2
HYDROGEL_PACK,sell,535100,1,2
HYDROGEL_PACK,sell,536400,1,3
HYDROGEL_PACK,sell,537500,1,1
HYDROGEL_PACK,sell,541100,1,3
HYDROGEL_PACK,sell,542500,1,3
HYDROGEL_PACK,sell,544900,1,3
HYDROGEL_PACK,sell,547000,1,2
HYDROGEL_PACK,sell,548500,1,2
HYDROGEL_PACK,sell,550400,1,1
HYDROGEL_PACK,sell,551800,1,3
HYDROGEL_PACK,sell,563600,1,1
HYDROGEL_PACK,sell,566100,1,1
HYDROGEL_PACK,sell,568500,1,2
HYDROGEL_PACK,sell,568700,1,1
HYDROGEL_PACK,sell,578500,1,3
HYDROGEL_PACK,sell,578800,1,1
HYDROGEL_PACK,sell,580600,1,1
HYDROGEL_PACK,sell,582600,1,2
HYDROGEL_PACK,sell,585200,1,2
HYDROGEL_PACK,sell,589300,1,2
HYDROGEL_PACK,sell,590100,1,1
HYDROGEL_PACK,sell,590500,1,3
HYDROGEL_PACK,sell,596100,1,2
HYDROGEL_PACK,sell,601600,1,2
HYDROGEL_PACK,sell,601700,1,1
HYDROGEL_PACK,sell,604700,1,1
HYDROGEL_PACK,sell,604800,1,3
HYDROGEL_PACK,sell,606400,1,1
HYDROGEL_PACK,sell,607100,1,3
HYDROGEL_PACK,sell,608900,1,2
HYDROGEL_PACK,sell,610900,1,2
HYDROGEL_PACK,sell,614100,1,1
HYDROGEL_PACK,sell,618500,1,3
HYDROGEL_PACK,sell,620000,1,2
HYDROGEL_PACK,sell,621800,1,1
HYDROGEL_PACK,sell,625100,1,1
HYDROGEL_PACK,sell,630700,1,2
HYDROGEL_PACK,sell,630900,1,3
HYDROGEL_PACK,sell,631400,1,2
HYDROGEL_PACK,sell,634900,1,1
HYDROGEL_PACK,sell,637500,1,1
HYDROGEL_PACK,sell,640000,1,2
HYDROGEL_PACK,sell,640300,1,1
HYDROGEL_PACK,sell,645000,1,2
HYDROGEL_PACK,sell,647400,1,1
HYDROGEL_PACK,sell,647600,1,1
HYDROGEL_PACK,sell,647700,1,3
HYDROGEL_PACK,sell,647900,1,1
HYDROGEL_PACK,sell,650000,1,2
HYDROGEL_PACK,sell,652800,1,1
HYDROGEL_PACK,sell,653200,1,1
HYDROGEL_PACK,sell,653300,1,1
HYDROGEL_PACK,sell,655500,1,2
HYDROGEL_PACK,sell,661900,1,2
HYDROGEL_PACK,sell,663000,1,2
HYDROGEL_PACK,sell,672400,1,3
HYDROGEL_PACK,sell,672800,1,3
HYDROGEL_PACK,sell,673800,1,1
HYDROGEL_PACK,sell,680800,1,1
HYDROGEL_PACK,sell,684500,1,1
HYDROGEL_PACK,sell,684800,1,3
HYDROGEL_PACK,sell,685500,1,3
HYDROGEL_PACK,sell,686100,1,2
HYDROGEL_PACK,sell,688400,1,3
HYDROGEL_PACK,sell,689700,1,2
HYDROGEL_PACK,sell,690800,1,2
HYDROGEL_PACK,sell,691600,1,2
HYDROGEL_PACK,sell,692900,1,3
HYDROGEL_PACK,sell,694900,1,1
HYDROGEL_PACK,sell,695200,1,1
HYDROGEL_PACK,sell,698600,1,3
HYDROGEL_PACK,sell,698800,1,2
HYDROGEL_PACK,sell,699100,1,1
HYDROGEL_PACK,sell,699400,1,3
HYDROGEL_PACK,sell,703000,1,1
HYDROGEL_PACK,sell,707900,1,2
HYDROGEL_PACK,sell,715500,1,2
HYDROGEL_PACK,sell,716900,1,2
HYDROGEL_PACK,sell,719000,1,2
HYDROGEL_PACK,sell,719500,1,3
HYDROGEL_PACK,sell,724400,1,1
HYDROGEL_PACK,sell,725800,1,1
HYDROGEL_PACK,sell,730800,1,1
HYDROGEL_PACK,sell,732700,1,1
HYDROGEL_PACK,sell,733000,1,3
HYDROGEL_PACK,sell,733100,1,3
HYDROGEL_PACK,sell,736200,1,2
HYDROGEL_PACK,sell,736500,1,3
HYDROGEL_PACK,sell,739000,1,2
HYDROGEL_PACK,sell,740000,1,2
HYDROGEL_PACK,sell,741600,1,3
HYDROGEL_PACK,sell,741800,1,3
HYDROGEL_PACK,sell,743500,1,2
HYDROGEL_PACK,sell,745000,1,1
HYDROGEL_PACK,sell,747600,1,3
HYDROGEL_PACK,sell,747700,1,2
HYDROGEL_PACK,sell,749800,1,1
HYDROGEL_PACK,sell,752500,1,2
HYDROGEL_PACK,sell,755000,1,2
HYDROGEL_PACK,sell,756600,1,1
HYDROGEL_PACK,sell,759500,1,2
HYDROGEL_PACK,sell,765800,1,1
HYDROGEL_PACK,sell,766500,1,2
HYDROGEL_PACK,sell,768100,1,1
HYDROGEL_PACK,sell,768200,1,1
HYDROGEL_PACK,sell,775100,1,1
HYDROGEL_PACK,sell,775300,1,2
HYDROGEL_PACK,sell,776400,1,3
HYDROGEL_PACK,sell,783800,1,3
HYDROGEL_PACK,sell,784000,1,2
HYDROGEL_PACK,sell,785200,1,1
HYDROGEL_PACK,sell,785800,1,1
HYDROGEL_PACK,sell,786700,1,1
HYDROGEL_PACK,sell,787400,1,2
HYDROGEL_PACK,sell,789500,1,3
HYDROGEL_PACK,sell,791400,1,3
HYDROGEL_PACK,sell,793200,1,3
HYDROGEL_PACK,sell,795000,1,3
HYDROGEL_PACK,sell,795400,1,2
HYDROGEL_PACK,sell,797600,1,1
HYDROGEL_PACK,sell,800100,1,1
HYDROGEL_PACK,sell,804700,1,3
HYDROGEL_PACK,sell,805300,1,1
HYDROGEL_PACK,sell,805800,1,3
HYDROGEL_PACK,sell,812700,1,2
HYDROGEL_PACK,sell,812800,1,3
HYDROGEL_PACK,sell,813500,1,3
HYDROGEL_PACK,sell,814500,1,1
HYDROGEL_PACK,sell,816800,1,1
HYDROGEL_PACK,sell,821100,1,1
HYDROGEL_PACK,sell,824000,1,2
HYDROGEL_PACK,sell,827000,1,2
HYDROGEL_PACK,sell,828300,1,3
HYDROGEL_PACK,sell,830600,1,2
HYDROGEL_PACK,sell,833600,1,1
HYDROGEL_PACK,sell,834000,1,2
HYDROGEL_PACK,sell,836000,1,3
HYDROGEL_PACK,sell,837800,1,3
HYDROGEL_PACK,sell,838300,1,3
HYDROGEL_PACK,sell,842800,1,2
HYDROGEL_PACK,sell,845500,1,1
HYDROGEL_PACK,sell,847100,1,3
HYDROGEL_PACK,sell,847200,1,1
HYDROGEL_PACK,sell,849400,1,2
HYDROGEL_PACK,sell,853500,1,1
HYDROGEL_PACK,sell,856600,1,2
HYDROGEL_PACK,sell,861800,1,2
HYDROGEL_PACK,sell,862900,1,1
HYDROGEL_PACK,sell,863300,1,2
HYDROGEL_PACK,sell,864200,1,2
HYDROGEL_PACK,sell,866600,1,3
HYDROGEL_PACK,sell,867100,1,1
HYDROGEL_PACK,sell,867500,1,2
HYDROGEL_PACK,sell,868700,1,3
HYDROGEL_PACK,sell,869600,1,3
HYDROGEL_PACK,sell,869900,1,2
HYDROGEL_PACK,sell,871700,1,1
HYDROGEL_PACK,sell,876900,1,2
HYDROGEL_PACK,sell,880600,1,3
HYDROGEL_PACK,sell,882400,1,3
HYDROGEL_PACK,sell,886600,1,3
HYDROGEL_PACK,sell,891600,1,2
HYDROGEL_PACK,sell,894300,1,1
HYDROGEL_PACK,sell,898200,1,1
HYDROGEL_PACK,sell,898600,1,3
HYDROGEL_PACK,sell,899900,1,2
HYDROGEL_PACK,sell,901400,1,1
HYDROGEL_PACK,sell,903300,1,3
HYDROGEL_PACK,sell,903600,1,2
HYDROGEL_PACK,sell,912000,1,1
HYDROGEL_PACK,sell,912400,1,3
HYDROGEL_PACK,sell,912600,1,1
HYDROGEL_PACK,sell,913200,1,2
HYDROGEL_PACK,sell,918500,1,1
HYDROGEL_PACK,sell,924500,1,1
HYDROGEL_PACK,sell,927500,1,3
HYDROGEL_PACK,sell,927700,1,2
HYDROGEL_PACK,sell,928800,1,2
HYDROGEL_PACK,sell,929600,1,2
HYDROGEL_PACK,sell,929800,1,1
HYDROGEL_PACK,sell,932100,1,1
HYDROGEL_PACK,sell,934300,1,1
HYDROGEL_PACK,sell,935400,1,2
HYDROGEL_PACK,sell,936500,1,1
HYDROGEL_PACK,sell,936700,1,1
HYDROGEL_PACK,sell,940500,1,2
HYDROGEL_PACK,sell,941900,1,2
HYDROGEL_PACK,sell,944300,1,2
HYDROGEL_PACK,sell,947900,1,2
HYDROGEL_PACK,sell,949800,1,2
HYDROGEL_PACK,sell,950300,1,1
HYDROGEL_PACK,sell,951200,1,3
HYDROGEL_PACK,sell,955600,1,3
HYDROGEL_PACK,sell,957800,1,1
HYDROGEL_PACK,sell,958400,1,2
HYDROGEL_PACK,sell,961700,1,2
HYDROGEL_PACK,sell,962600,1,3
HYDROGEL_PACK,sell,963700,1,3
HYDROGEL_PACK,sell,964000,1,1
HYDROGEL_PACK,sell,964700,1,1
HYDROGEL_PACK,sell,965500,1,2
HYDROGEL_PACK,sell,965600,1,3
HYDROGEL_PACK,sell,966700,1,3
HYDROGEL_PACK,sell,967300,1,3
HYDROGEL_PACK,sell,970500,1,1
HYDROGEL_PACK,sell,972100,1,3
HYDROGEL_PACK,sell,975900,1,3
HYDROGEL_PACK,sell,976200,1,2
HYDROGEL_PACK,sell,977400,1,3
HYDROGEL_PACK,sell,977600,1,1
HYDROGEL_PACK,sell,979200,1,1
HYDROGEL_PACK,sell,980200,1,3
HYDROGEL_PACK,sell,982800,1,3
HYDROGEL_PACK,sell,982900,1,1
HYDROGEL_PACK,sell,984700,1,2
HYDROGEL_PACK,sell,988000,1,1
HYDROGEL_PACK,sell,988400,1,1
HYDROGEL_PACK,sell,989000,1,1
HYDROGEL_PACK,sell,994800,1,2
HYDROGEL_PACK,sell,996500,1,2
VEV_4000,buy,5300,1,1
VEV_4000,buy,8700,1,3
VEV_4000,buy,9000,1,2
VEV_4000,buy,17900,1,1
VEV_4000,buy,22800,1,3
VEV_4000,buy,25700,1,1
VEV_4000,buy,34100,1,2
VEV_4000,buy,36200,1,1
VEV_4000,buy,50300,1,1
VEV_4000,buy,53800,1,1
VEV_4000,buy,57600,1,1
VEV_4000,buy,62600,1,1
VEV_4000,buy,63100,1,1
VEV_4000,buy,63800,1,2
VEV_4000,buy,68000,1,1
VEV_4000,buy,70200,1,3
VEV_4000,buy,80800,1,2
VEV_4000,buy,84300,1,1
VEV_4000,buy,88200,1,3
VEV_4000,buy,89600,1,3
VEV_4000,buy,104600,1,3
VEV_4000,buy,114700,1,2
VEV_4000,buy,116800,1,2
VEV_4000,buy,117800,1,3
VEV_4000,buy,123100,1,3
VEV_4000,buy,125700,1,3
VEV_4000,buy,129100,1,1
VEV_4000,buy,137600,1,1
VEV_4000,buy,139400,1,3
VEV_4000,buy,140700,1,3
VEV_4000,buy,150400,1,2
VEV_4000,buy,153100,1,2
VEV_4000,buy,155400,1,3
VEV_4000,buy,155900,1,2
VEV_4000,buy,165300,1,3
VEV_4000,buy,166700,1,2
VEV_4000,buy,168500,1,1
VEV_4000,buy,168700,1,1
VEV_4000,buy,170900,1,1
VEV_4000,buy,175100,1,3
VEV_4000,buy,180300,1,3
VEV_4000,buy,184200,1,1
VEV_4000,buy,190900,1,2
VEV_4000,buy,191300,1,3
VEV_4000,buy,194200,1,1
VEV_4000,buy,195200,1,2
VEV_4000,buy,202300,1,1
VEV_4000,buy,202500,1,3
VEV_4000,buy,203800,1,3
VEV_4000,buy,206600,1,1
VEV_4000,buy,216000,1,1
VEV_4000,buy,217800,1,1
VEV_4000,buy,223300,1,1
VEV_4000,buy,224100,1,1
VEV_4000,buy,229100,1,1
VEV_4000,buy,229500,1,3
VEV_4000,buy,231900,1,2
VEV_4000,buy,234700,1,3
VEV_4000,buy,249400,1,2
VEV_4000,buy,251600,1,1
VEV_4000,buy,252700,1,3
VEV_4000,buy,263100,1,1
VEV_4000,buy,268100,1,3
VEV_4000,buy,268300,1,1
VEV_4000,buy,269700,1,2
VEV_4000,buy,270500,1,2
VEV_4000,buy,272900,1,2
VEV_4000,buy,281100,1,2
VEV_4000,buy,281500,1,1
VEV_4000,buy,286600,1,1
VEV_4000,buy,288800,1,1
VEV_4000,buy,296500,1,3
VEV_4000,buy,307100,1,1
VEV_4000,buy,307600,1,2
VEV_4000,buy,318100,1,2
VEV_4000,buy,322300,1,2
VEV_4000,buy,323300,1,1
VEV_4000,buy,326300,1,1
VEV_4000,buy,332900,1,3
VEV_4000,buy,334800,1,3
VEV_4000,buy,339800,1,3
VEV_4000,buy,340100,1,1
VEV_4000,buy,344400,1,3
VEV_4000,buy,345900,1,3
VEV_4000,buy,350900,1,1
VEV_4000,buy,362400,1,3
VEV_4000,buy,363300,1,2
VEV_4000,buy,368200,1,2
VEV_4000,buy,370600,1,2
VEV_4000,buy,372300,1,2
VEV_4000,buy,386800,1,1
VEV_4000,buy,389300,1,3
VEV_4000,buy,389600,1,2
VEV_4000,buy,392500,1,3
VEV_4000,buy,395400,1,3
VEV_4000,buy,396700,1,3
VEV_4000,buy,397300,1,3
VEV_4000,buy,397900,1,3
VEV_4000,buy,419700,1,1
VEV_4000,buy,420300,1,3
VEV_4000,buy,424400,1,2
VEV_4000,buy,425400,1,1
VEV_4000,buy,427800,1,3
VEV_4000,buy,428400,1,2
VEV_4000,buy,437100,1,1
VEV_4000,buy,438900,1,2
VEV_4000,buy,452100,1,3
VEV_4000,buy,454700,1,2
VEV_4000,buy,455400,1,1
VEV_4000,buy,471200,1,3
VEV_4000,buy,480700,1,1
VEV_4000,buy,481300,1,1
VEV_4000,buy,481700,1,3
VEV_4000,buy,483200,1,1
VEV_4000,buy,488600,1,2
VEV_4000,buy,489900,1,3
VEV_4000,buy,490600,1,2
VEV_4000,buy,491400,1,3
VEV_4000,buy,492500,1,3
VEV_4000,buy,499900,1,2
VEV_4000,buy,510600,1,3
VEV_4000,buy,511000,1,3
VEV_4000,buy,518800,1,1
VEV_4000,buy,521000,1,2
VEV_4000,buy,534000,1,3
VEV_4000,buy,536500,1,2
VEV_4000,buy,544500,1,1
VEV_4000,buy,550300,1,1
VEV_4000,buy,552600,1,1
VEV_4000,buy,558600,1,3
VEV_4000,buy,563700,1,2
VEV_4000,buy,566500,1,3
VEV_4000,buy,567700,1,1
VEV_4000,buy,568800,1,1
VEV_4000,buy,576700,1,1
VEV_4000,buy,579000,1,3
VEV_4000,buy,590700,1,2
VEV_4000,buy,600300,1,2
VEV_4000,buy,607400,1,2
VEV_4000,buy,608100,1,1
VEV_4000,buy,621700,1,1
VEV_4000,buy,624700,1,3
VEV_4000,buy,625900,1,2
VEV_4000,buy,627100,1,2
VEV_4000,buy,631500,1,1
VEV_4000,buy,637900,1,2
VEV_4000,buy,643300,1,2
VEV_4000,buy,645000,1,1
VEV_4000,buy,658100,1,2
VEV_4000,buy,669900,1,2
VEV_4000,buy,676600,1,2
VEV_4000,buy,686200,1,3
VEV_4000,buy,692000,1,2
VEV_4000,buy,702400,1,3
VEV_4000,buy,708400,1,3
VEV_4000,buy,714400,1,3
VEV_4000,buy,732900,1,3
VEV_4000,buy,736100,1,2
VEV_4000,buy,738100,1,1
VEV_4000,buy,739600,1,2
VEV_4000,buy,743800,1,1
VEV_4000,buy,743900,1,3
VEV_4000,buy,746900,1,2
VEV_4000,buy,756300,1,1
VEV_4000,buy,757200,1,2
VEV_4000,buy,762200,1,2
VEV_4000,buy,772000,1,1
VEV_4000,buy,772800,1,3
VEV_4000,buy,774200,1,2
VEV_4000,buy,792400,1,3
VEV_4000,buy,800000,1,2
VEV_4000,buy,801000,1,1
VEV_4000,buy,811100,1,3
VEV_4000,buy,816800,1,2
VEV_4000,buy,825500,1,2
VEV_4000,buy,827300,1,2
VEV_4000,buy,833300,1,2
VEV_4000,buy,848200,1,1
VEV_4000,buy,851100,1,3
VEV_4000,buy,852100,1,3
VEV_4000,buy,857500,1,3
VEV_4000,buy,867800,1,1
VEV_4000,buy,870200,1,1
VEV_4000,buy,875900,1,2
VEV_4000,buy,877200,1,3
VEV_4000,buy,887000,1,3
VEV_4000,buy,888300,1,1
VEV_4000,buy,894800,1,2
VEV_4000,buy,900800,1,1
VEV_4000,buy,901600,1,1
VEV_4000,buy,903400,1,1
VEV_4000,buy,914100,1,2
VEV_4000,buy,923900,1,3
VEV_4000,buy,925100,1,2
VEV_4000,buy,929100,1,1
VEV_4000,buy,941800,1,3
VEV_4000,buy,942200,1,3
VEV_4000,buy,953400,1,1
VEV_4000,buy,962900,1,1
VEV_4000,buy,963200,1,3
VEV_4000,buy,973700,1,3
VEV_4000,buy,977200,1,1
VEV_4000,buy,979700,1,1
VEV_4000,buy,992600,1,3
VEV_4000,buy,993700,1,3
VEV_4000,buy,998500,1,1
VEV_4000,buy,998800,1,2
VEV_4000,sell,1300,1,2
VEV_4000,sell,1700,1,3
VEV_4000,sell,16700,1,1
VEV_4000,sell,17300,1,1
VEV_4000,sell,39500,1,2
VEV_4000,sell,43600,1,3
VEV_4000,sell,54400,1,1
VEV_4000,sell,60600,1,3
VEV_4000,sell,70500,1,1
VEV_4000,sell,76100,1,3
VEV_4000,sell,78300,1,1
VEV_4000,sell,89300,1,1
VEV_4000,sell,98600,1,2
VEV_4000,sell,102500,1,1
VEV_4000,sell,102800,1,1
VEV_4000,sell,103300,1,2
VEV_4000,sell,103700,1,2
VEV_4000,sell,106800,1,3
VEV_4000,sell,108800,1,3
VEV_4000,sell,109100,1,2
VEV_4000,sell,111900,1,2
VEV_4000,sell,129800,1,3
VEV_4000,sell,133100,1,1
VEV_4000,sell,137000,1,1
VEV_4000,sell,137300,1,1
VEV_4000,sell,140900,1,2
VEV_4000,sell,144400,1,2
VEV_4000,sell,145500,1,3
VEV_4000,sell,145800,1,2
VEV_4000,sell,147900,1,1
VEV_4000,sell,148800,1,3
VEV_4000,sell,154100,1,1
VEV_4000,sell,156200,1,1
VEV_4000,sell,167600,1,1
VEV_4000,sell,167900,1,3
VEV_4000,sell,169200,1,2
VEV_4000,sell,172400,1,1
VEV_4000,sell,176700,1,3
VEV_4000,sell,181200,1,3
VEV_4000,sell,182100,1,3
VEV_4000,sell,183100,1,3
VEV_4000,sell,191900,1,3
VEV_4000,sell,192700,1,2
VEV_4000,sell,196600,1,3
VEV_4000,sell,196700,1,1
VEV_4000,sell,196800,1,2
VEV_4000,sell,200400,1,2
VEV_4000,sell,201500,1,2
VEV_4000,sell,202300,1,2
VEV_4000,sell,212100,1,2
VEV_4000,sell,222900,1,1
VEV_4000,sell,233100,1,3
VEV_4000,sell,240700,1,3
VEV_4000,sell,241200,1,3
VEV_4000,sell,249800,1,2
VEV_4000,sell,250600,1,1
VEV_4000,sell,263200,1,3
VEV_4000,sell,265900,1,1
VEV_4000,sell,266800,1,2
VEV_4000,sell,271600,1,1
VEV_4000,sell,277900,1,2
VEV_4000,sell,286900,1,2
VEV_4000,sell,293600,1,2
VEV_4000,sell,297500,1,1
VEV_4000,sell,301700,1,2
VEV_4000,sell,303100,1,2
VEV_4000,sell,303900,1,3
VEV_4000,sell,319100,1,3
VEV_4000,sell,323600,1,3
VEV_4000,sell,325300,1,1
VEV_4000,sell,328000,1,1
VEV_4000,sell,328400,1,1
VEV_4000,sell,328700,1,2
VEV_4000,sell,331400,1,1
VEV_4000,sell,334900,1,1
VEV_4000,sell,340500,1,2
VEV_4000,sell,356800,1,1
VEV_4000,sell,358100,1,3
VEV_4000,sell,358300,1,1
VEV_4000,sell,365000,1,1
VEV_4000,sell,370100,1,3
VEV_4000,sell,370700,1,2
VEV_4000,sell,373200,1,3
VEV_4000,sell,374800,1,1
VEV_4000,sell,376300,1,1
VEV_4000,sell,379400,1,3
VEV_4000,sell,384200,1,1
VEV_4000,sell,384500,1,1
VEV_4000,sell,390200,1,2
VEV_4000,sell,390800,1,1
VEV_4000,sell,397300,1,2
VEV_4000,sell,399000,1,3
VEV_4000,sell,399900,1,1
VEV_4000,sell,402000,1,3
VEV_4000,sell,406300,1,2
VEV_4000,sell,406900,1,3
VEV_4000,sell,410800,1,3
VEV_4000,sell,419300,1,2
VEV_4000,sell,422800,1,3
VEV_4000,sell,428600,1,3
VEV_4000,sell,434200,1,3
VEV_4000,sell,438300,1,2
VEV_4000,sell,444000,1,1
VEV_4000,sell,448700,1,1
VEV_4000,sell,449500,1,2
VEV_4000,sell,452800,1,3
VEV_4000,sell,459900,1,1
VEV_4000,sell,464200,1,1
VEV_4000,sell,465500,1,3
VEV_4000,sell,475500,1,1
VEV_4000,sell,480000,1,3
VEV_4000,sell,480900,1,1
VEV_4000,sell,491100,1,1
VEV_4000,sell,491500,1,3
VEV_4000,sell,494700,1,1
VEV_4000,sell,496300,1,1
VEV_4000,sell,496900,1,3
VEV_4000,sell,503500,1,1
VEV_4000,sell,509100,1,1
VEV_4000,sell,517900,1,1
VEV_4000,sell,519100,1,1
VEV_4000,sell,521100,1,1
VEV_4000,sell,525500,1,1
VEV_4000,sell,534900,1,3
VEV_4000,sell,535600,1,3
VEV_4000,sell,543900,1,2
VEV_4000,sell,547000,1,3
VEV_4000,sell,550900,1,1
VEV_4000,sell,552700,1,3
VEV_4000,sell,553500,1,3
VEV_4000,sell,556900,1,1
VEV_4000,sell,563200,1,2
VEV_4000,sell,568300,1,3
VEV_4000,sell,569900,1,1
VEV_4000,sell,571300,1,2
VEV_4000,sell,572400,1,3
VEV_4000,sell,573500,1,2
VEV_4000,sell,577200,1,3
VEV_4000,sell,587500,1,2
VEV_4000,sell,589100,1,1
VEV_4000,sell,599600,1,1
VEV_4000,sell,600100,1,1
VEV_4000,sell,601200,1,1
VEV_4000,sell,605100,1,2
VEV_4000,sell,610900,1,2
VEV_4000,sell,618400,1,3
VEV_4000,sell,622800,1,1
VEV_4000,sell,624000,1,2
VEV_4000,sell,624200,1,2
VEV_4000,sell,630700,1,3
VEV_4000,sell,635100,1,2
VEV_4000,sell,641800,1,3
VEV_4000,sell,647200,1,1
VEV_4000,sell,648700,1,2
VEV_4000,sell,666300,1,3
VEV_4000,sell,667100,1,3
VEV_4000,sell,671200,1,1
VEV_4000,sell,675700,1,1
VEV_4000,sell,680600,1,1
VEV_4000,sell,682600,1,1
VEV_4000,sell,688900,1,1
VEV_4000,sell,690500,1,2
VEV_4000,sell,696000,1,1
VEV_4000,sell,699000,1,3
VEV_4000,sell,699800,1,2
VEV_4000,sell,707000,1,3
VEV_4000,sell,711200,1,2
VEV_4000,sell,719600,1,1
VEV_4000,sell,721900,1,1
VEV_4000,sell,727900,1,2
VEV_4000,sell,734000,1,3
VEV_4000,sell,734200,1,3
VEV_4000,sell,743600,1,1
VEV_4000,sell,747400,1,1
VEV_4000,sell,747700,1,1
VEV_4000,sell,753400,1,1
VEV_4000,sell,762700,1,1
VEV_4000,sell,764300,1,1
VEV_4000,sell,775300,1,1
VEV_4000,sell,780000,1,3
VEV_4000,sell,783300,1,1
VEV_4000,sell,786900,1,1
VEV_4000,sell,789200,1,1
VEV_4000,sell,789300,1,3
VEV_4000,sell,792900,1,3
VEV_4000,sell,796800,1,2
VEV_4000,sell,797100,1,3
VEV_4000,sell,804500,1,3
VEV_4000,sell,804900,1,1
VEV_4000,sell,805600,1,2
VEV_4000,sell,808200,1,2
VEV_4000,sell,809100,1,2
VEV_4000,sell,812600,1,3
VEV_4000,sell,816500,1,3
VEV_4000,sell,819600,1,2
VEV_4000,sell,821300,1,1
VEV_4000,sell,823600,1,2
VEV_4000,sell,840800,1,3
VEV_4000,sell,845100,1,3
VEV_4000,sell,849200,1,1
VEV_4000,sell,850200,1,2
VEV_4000,sell,855500,1,1
VEV_4000,sell,861900,1,3
VEV_4000,sell,870100,1,1
VEV_4000,sell,877500,1,3
VEV_4000,sell,879100,1,2
VEV_4000,sell,880000,1,2
VEV_4000,sell,881400,1,1
VEV_4000,sell,884100,1,2
VEV_4000,sell,885900,1,3
VEV_4000,sell,886300,1,1
VEV_4000,sell,915200,1,1
VEV_4000,sell,916800,1,3
VEV_4000,sell,917300,1,3
VEV_4000,sell,921600,1,3
VEV_4000,sell,922400,1,3
VEV_4000,sell,925000,1,3
VEV_4000,sell,925400,1,1
VEV_4000,sell,932400,1,3
VEV_4000,sell,937700,1,1
VEV_4000,sell,941000,1,3
VEV_4000,sell,943500,1,3
VEV_4000,sell,954100,1,3
VEV_4000,sell,961700,1,2
VEV_4000,sell,965600,1,2
VEV_4000,sell,968200,1,1
VEV_4000,sell,972500,1,3
VEV_4000,sell,975900,1,2
VEV_4000,sell,978200,1,2
VEV_4000,sell,982500,1,2
VEV_4000,sell,997300,1,1
VEV_4500,buy,155400,1,3
VEV_4500,buy,437100,1,1
VEV_4500,sell,370100,1,3
VEV_5000,buy,155400,1,3
VEV_5000,buy,437100,1,1
VEV_5000,sell,370100,1,3
VEV_5100,buy,155400,1,3
VEV_5100,buy,437100,1,1
VEV_5100,sell,370100,1,3
VEV_5200,buy,155400,1,3
VEV_5200,buy,437100,1,1
VEV_5200,sell,370100,1,3
VEV_5300,buy,437100,1,1
VEV_5300,sell,370100,1,3
